id_pregunta,acierto,texto_pregunta,incidencias_esperadas,incidencias_obtenidas,jql_esperado,respuesta
1,True,Muestra las incidencias en progreso en GPT4,"['GPT4-15', 'GPT4-17', 'GPT4-18', 'GPT4-19', 'GPT4-20', 'GPT4-23', 'GPT4-26', 'GPT4-27']","['GPT4-15', 'GPT4-17', 'GPT4-18', 'GPT4-19', 'GPT4-20', 'GPT4-23', 'GPT4-26', 'GPT4-27']","status = ""En progreso"" and project = GPT4","status = 'En Progreso' and project = ""GPT4"""
2,False,Muestra las incidencias en progreso y sus horas acumuladas en GPT4,"['GPT4-15', 'GPT4-17', 'GPT4-18', 'GPT4-19', 'GPT4-20', 'GPT4-23', 'GPT4-26', 'GPT4-27']","['GPT4-17', 'JIRAGPT-5', 'JIRAGPT-6', 'JIRAGPT-7', 'JIRAGPT-8', 'JIRAGPT-9', 'JIRAGPT-10', 'JIRAGPT-11', 'MFM-22', 'MFM-85', 'MFM-88']","status = ""En progreso"" and project = GPT4",status = 'En Progreso' and timeSpent > 0
3,False,Muestra las incidencias que ya estan entregadas a cliente en GPT4,['GPT4-12'],[],"status = ""Entregado"" and project = GPT4","resolution = ""Done"" and labels contains ""GPT4"""
4,False,Muestra las incidencias que se han pasado de horas y por cuánto en GPT4,['GPT4-17'],[],workratio > 100 and project = GPT4,"remainingEstimate > 4h and remainingEstimate > timeSpent(""4h"") - timeSpent"
5,True,Muestra las incidencias que deberían acabar en agosto de 2023 en el proyecto GPT4,"['GPT4-18', 'GPT4-29']","['GPT4-18', 'GPT4-29']","due >= ""2023-08-01"" AND due <= ""2023-08-31""","due >= ""2023/08/01"" and due <= ""2023/08/31"" and project = ""GPT4"""
6,False,Muestra las incidencias sin cerrar ni resolver en GPT4,"['GPT4-12', 'GPT4-15', 'GPT4-16', 'GPT4-17', 'GPT4-18', 'GPT4-19', 'GPT4-20', 'GPT4-21', 'GPT4-22', 'GPT4-23', 'GPT4-25', 'GPT4-26', 'GPT4-27', 'GPT4-28', 'GPT4-29', 'GPT4-30']","['GPT4-11', 'GPT4-12', 'GPT4-13', 'GPT4-14', 'GPT4-15', 'GPT4-16', 'GPT4-17', 'GPT4-18', 'GPT4-19', 'GPT4-20', 'GPT4-21', 'GPT4-22', 'GPT4-23', 'GPT4-24', 'GPT4-25', 'GPT4-26', 'GPT4-27', 'GPT4-28', 'GPT4-29', 'GPT4-30']","status not in (Resuelto, Cerrado) and project = GPT4","status != ""Closed"" AND status != ""Resolved"" AND project = ""GPT4"""
7,False,Muestra quién tiene menos carga de trabajo en el proyecto GPT4,"['GPT4-11', 'GPT4-12', 'GPT4-13', 'GPT4-14', 'GPT4-15', 'GPT4-16', 'GPT4-17', 'GPT4-18', 'GPT4-19', 'GPT4-20', 'GPT4-21', 'GPT4-22', 'GPT4-23', 'GPT4-24', 'GPT4-25', 'GPT4-26', 'GPT4-27', 'GPT4-28', 'GPT4-29', 'GPT4-30']",[],"project = GPT4 ORDER BY assignee ASC, updated DESC","assignee != EMPTY AND remainingEstimate < (SELECT min(remainingEstimate) FROM issues WHERE project = ""GPT4"")"
8,False,Muestra quién tiene menos carga de trabajo en GPT4,"['GPT4-11', 'GPT4-12', 'GPT4-13', 'GPT4-14', 'GPT4-15', 'GPT4-16', 'GPT4-17', 'GPT4-18', 'GPT4-19', 'GPT4-20', 'GPT4-21', 'GPT4-22', 'GPT4-23', 'GPT4-24', 'GPT4-25', 'GPT4-26', 'GPT4-27', 'GPT4-28', 'GPT4-29', 'GPT4-30']","['MFM-59', 'MFM-60', 'MFM-61', 'MFM-62', 'MFM-63', 'MFM-64', 'MFM-65', 'MFM-66', 'MFM-67', 'MFM-68', 'MFM-69', 'MFM-70', 'MFM-71', 'MFM-72', 'MFM-73', 'MFM-74', 'MFM-75', 'MFM-78', 'MFM-79', 'MFM-80', 'MFM-81', 'MFM-82', 'MFM-83', 'MFM-84', 'MFM-85', 'MFM-86', 'MFM-87', 'MFM-88', 'MFM-89', 'MFM-90', 'MFM-91', 'MFM-92', 'MFM-93', 'MFM-94', 'MFM-95', 'MFM-96', 'MFM-97', 'MFM-98', 'MFM-99', 'MFM-100', 'MFM-101', 'MFM-102', 'MFM-103', 'MFM-104', 'MFM-105', 'MFM-106', 'MFM-107', 'MFM-108', 'MFM-109', 'MFM-110']","project = ""GPT4""",votes < 2
9,False,Cuántos tickets se han resuelto en agosto de 2023 en el proyecto GPT4?,"['GPT4-12', 'GPT4-13', 'GPT4-15', 'GPT4-16']","['GPT4-12', 'GPT4-13', 'GPT4-16']","status changed to Resuelto DURING ('2023-08-01', '2023-08-31')","project = ""GPT4"" AND resolved >= ""2023/08/01"" AND resolved <= ""2023/09/01"""
10,False,Cuántos tickets se han resuelto en agosto de 2023 en GPT4 en el proyecto GPT4?,"['GPT4-12', 'GPT4-13', 'GPT4-15', 'GPT4-16']",[],"project = GPT4 AND status changed to Resuelto DURING ('2023-08-01', '2023-08-31')","project = ""GPT4"" AND resolution > ""2023/08/01"" AND resolution < ""2023/09/01"""
11,False,Muéstrame todas las incidencias abiertas asignadas a Alberto Aróstegui García en GPT4,"['GPT4-21', 'GPT4-25']",[],project = GPT4 AND assignee = 'Alberto Aróstegui García' AND status = Abierto,"project = ""GPT4"" AND assignee = ""Alberto Aróstegui García"" AND status = Open"
12,True,Muéstrame todas las incidencias con estado Abierto asignadas a Alberto Aróstegui García en GPT4,"['GPT4-21', 'GPT4-25']","['GPT4-21', 'GPT4-25']",project = GPT4 AND assignee = 'Alberto Aróstegui García' AND status = Abierto,"status = ""Abierto"" AND assignee = ""Alberto Aróstegui García"" AND project = ""GPT4"""
13,False,¿Cuántos tickets sin resolver hay en el proyecto GPT4?,"['GPT4-12', 'GPT4-14', 'GPT4-15', 'GPT4-16', 'GPT4-17', 'GPT4-18', 'GPT4-19', 'GPT4-20', 'GPT4-21', 'GPT4-22', 'GPT4-23', 'GPT4-24', 'GPT4-25', 'GPT4-26', 'GPT4-27', 'GPT4-28', 'GPT4-29', 'GPT4-30']","['GPT4-14', 'GPT4-15', 'GPT4-17', 'GPT4-18', 'GPT4-19', 'GPT4-20', 'GPT4-21', 'GPT4-22', 'GPT4-23', 'GPT4-24', 'GPT4-25', 'GPT4-26', 'GPT4-27', 'GPT4-28', 'GPT4-29', 'GPT4-30', 'JIRAGPT-5', 'JIRAGPT-6', 'JIRAGPT-7', 'JIRAGPT-8', 'JIRAGPT-9', 'JIRAGPT-10', 'JIRAGPT-11', 'MFM-1', 'MFM-2', 'MFM-3', 'MFM-5', 'MFM-6', 'MFM-7', 'MFM-8', 'MFM-9', 'MFM-10', 'MFM-17', 'MFM-18', 'MFM-22', 'MFM-28', 'MFM-32', 'MFM-35', 'MFM-85', 'MFM-88', 'MFM-100', 'MFM-102', 'MFM-103', 'MFM-104', 'MFM-105', 'MFM-106', 'MFM-107', 'MFM-108', 'MFM-109', 'MFM-110']",project = GPT4 AND status != Resuelto,resolution is empty
14,True,Encuentra las incidencias asignadas a Alberto Aróstegui García en el proyecto GPT4.,"['GPT4-19', 'GPT4-21', 'GPT4-25', 'GPT4-27']","['GPT4-19', 'GPT4-21', 'GPT4-25', 'GPT4-27']",project = GPT4 AND assignee = 'Alberto Aróstegui García',"project = ""GPT4"" AND assignee = ""Alberto Aróstegui García"""
15,False,¿Cuántas incidencias se cerraron en agosto de 2023?,['GPT4-14'],[],"status changed to Cerrado DURING ('2023-08-01', '2023-08-31')","status WAS Closed and resolutiondate >= ""2023/08/01"" and resolutiondate < ""2023/09/01"""
16,False,¿En el proyecto GPT4 que incidencias fueron cerradas durante agosto de 2023?,['GPT4-14'],[],"project = GPT4 AND status changed to Cerrado DURING ('2023-08-01', '2023-08-31')","project = ""GPT4"" and updated > ""2023/08/01"" and updated < ""2023/09/01"" and status = ""Closed"""
17,True,Muestra todas las incidencias con alta prioridad en el proyecto GPT4,['GPT4-20'],['GPT4-20'],priority = High and project = GPT4,"priority = ""High"" and project = ""GPT4"""
18,False,Dame una lista de las incidencias cuyo estado cambio en agosto de 2023 en el proyecto GPT4.,"['GPT4-11', 'GPT4-12', 'GPT4-13', 'GPT4-14', 'GPT4-15', 'GPT4-16']",[],"status CHANGED DURING ('2023-08-01', '2023-08-31')","updated >= ""2023/08/01"" and updated < ""2023/09/01"" and project = ""GPT4"" and statusChanges > 0"
19,True,Encuentra todos los tickets con 'base de datos' en el resumen en el proyecto GPT4.,['GPT4-20'],['GPT4-20'],summary ~ 'base de datos' and project = GPT4,"project = ""GPT4"" and summary ~ ""base de datos"""
20,True,¿Cuántos tickets están resueltos en el proyecto GPT4?,"['GPT4-11', 'GPT4-13']","['GPT4-11', 'GPT4-13']",project = GPT4 AND status = Resuelto,"status = ""Resuelto"" AND project = ""GPT4"""
21,True,Muestra todas las incidencias reportadas por Alberto Aróstegui García en el proyecto GPT4,[],[],reporter = 'Alberto Aróstegui García' and project = GPT4,"reporter = ""Alberto Aróstegui García"" AND project = ""GPT4"""
22,False,Muestra el progreso de la incidencia con el campo personalizado Custom_Id con valor GPT4-30,['GPT4-23'],[],Custom_Id ~ GPT4-30 and project = GPT4,"customfield = ""GPT4-30"""
23,True,¿Cuáles son las incidencias creadas en agosto de 2023 en el proyecto GPT4?,"['GPT4-11', 'GPT4-12', 'GPT4-13', 'GPT4-14', 'GPT4-15', 'GPT4-16', 'GPT4-17', 'GPT4-18', 'GPT4-19', 'GPT4-20', 'GPT4-21', 'GPT4-22', 'GPT4-23', 'GPT4-24', 'GPT4-25', 'GPT4-26', 'GPT4-27', 'GPT4-28', 'GPT4-29', 'GPT4-30']","['GPT4-11', 'GPT4-12', 'GPT4-13', 'GPT4-14', 'GPT4-15', 'GPT4-16', 'GPT4-17', 'GPT4-18', 'GPT4-19', 'GPT4-20', 'GPT4-21', 'GPT4-22', 'GPT4-23', 'GPT4-24', 'GPT4-25', 'GPT4-26', 'GPT4-27', 'GPT4-28', 'GPT4-29', 'GPT4-30']","project = GPT4 AND created >= ""2023-08-01"" AND created <= 2023-08-31","created >= ""2023/08/01"" AND project = ""GPT4"""
24,False,¿Cuáles son las incidencias creadas en agosto de 2023 en el proyecto GPT4? Ordenalas de mayor a menor prioridad,"['GPT4-11', 'GPT4-12', 'GPT4-13', 'GPT4-14', 'GPT4-15', 'GPT4-16', 'GPT4-17', 'GPT4-18', 'GPT4-19', 'GPT4-20', 'GPT4-21', 'GPT4-22', 'GPT4-23', 'GPT4-24', 'GPT4-25', 'GPT4-26', 'GPT4-27', 'GPT4-28', 'GPT4-29', 'GPT4-30']",[],"project = GPT4 AND created >= ""2023-08-01"" AND created <= ""2023-08-31"" ORDER BY priority DESC","created = '08/01/2023' AND project = ""GPT4"" AND priority > priority ORDER BY priority DESC"
25,True,¿Cuántos bugs se han reportado en el proyecto GPT4?,[],[],issuetype = Bug and project = GPT4,"reporter = 'jsmith' and project = 'GPT4' and issueType in (Bug,Improvement)"
26,True,Dame todas las incidencias en la fase de 'Resuelto' del proyecto GPT4.,"['GPT4-11', 'GPT4-13']","['GPT4-11', 'GPT4-13']","project = GPT4 AND status = ""Resuelto""","project = ""GPT4"" AND status = ""Resuelto"""
27,True,Muéstrame todas las incidencias reabiertas en el proyecto GPT4,[],[],status = Reabierto and project = GPT4,"status WAS Open AND project = ""GPT4"""
28,True,"Muéstrame todas las incidencias con estado Reabierto"" en el proyecto GPT4",[],[],status = Reabierto and project = GPT4,"project = ""GPT4"" AND status = ""Reabierto"""
29,True,Muestra todos los tickets que vencen en agosto de 2023 en el proyecto GPT4.,"['GPT4-18', 'GPT4-29']","['GPT4-18', 'GPT4-29']","due >= ""2023-08-01"" AND due <= ""2023-08-31""","project = ""GPT4"" and duedate >= ""2023/08/01"" and duedate <= ""2023/08/31"""
30,True,¿Qué tickets terminan después del 1 de septiembre de 2023 en el proyecto GPT4?,['GPT4-25'],['GPT4-25'],"due > ""2023-09-01"" and project = GPT4","duedate > '2023-09-01' and project = ""GPT4"""
31,True,Encuentra todas las incidencias movidas a 'Validado' en agosto de 2023 en el proyecto GPT4,[],[],"status changed to Validado DURING ('2023-08-01', '2023-08-31')","updated >= '2023-08-01' and updated <= '2023-08-31' and project = ""GPT4"" and status = 'Validado'"
32,False,Dame las incidencias resueltas en agosto de 2023 en el proyecto GPT4,"['GPT4-12', 'GPT4-13', 'GPT4-15', 'GPT4-16']","['GPT4-12', 'GPT4-13', 'GPT4-16']","status changed to Resuelto DURING ('2023-08-01', '2023-08-31')","resolved > ""2023/08/01"" AND resolved < ""2023/09/01"" AND project = ""GPT4"""
33,True,¿Cuántos tickets están en fase de 'En Progreso' en el proyecto GPT4?,"['GPT4-15', 'GPT4-17', 'GPT4-18', 'GPT4-19', 'GPT4-20', 'GPT4-23', 'GPT4-26', 'GPT4-27']","['GPT4-15', 'GPT4-17', 'GPT4-18', 'GPT4-19', 'GPT4-20', 'GPT4-23', 'GPT4-26', 'GPT4-27']",status = 'En progreso' and project = GPT4,"project = ""GPT4"" AND status = 'En Progreso'"
34,False,Lista todos los tickets creados en agosto de 2023 en el proyecto GPT4,"['GPT4-11', 'GPT4-12', 'GPT4-13', 'GPT4-14', 'GPT4-15', 'GPT4-16', 'GPT4-17', 'GPT4-18', 'GPT4-19', 'GPT4-20', 'GPT4-21', 'GPT4-22', 'GPT4-23', 'GPT4-24', 'GPT4-25', 'GPT4-26', 'GPT4-27', 'GPT4-28', 'GPT4-29', 'GPT4-30']",[],"created >= ""2023-08-01"" AND created <= ""2023-08-31"" and project = GPT4","created >= '08/01/2023' and project = ""GPT4"""
35,False,Muéstrame las incidencias abiertas más antiguas en el proyecto GPT4.,"['GPT4-21', 'GPT4-22', 'GPT4-25', 'GPT4-28', 'GPT4-29', 'GPT4-30']",[],status = Abierto and project = GPT4 ORDER BY created ASC,"project = ""GPT4"" and status = Open and created < maxCreated"
36,False,"Muéstrame las incidencias con estado Abierto"" más antiguas en el proyecto GPT4.""","['GPT4-21', 'GPT4-22', 'GPT4-25', 'GPT4-28', 'GPT4-29', 'GPT4-30']",[],"status = ""Abierto"" and project = GPT4 ORDER BY created ASC","status = 'Abierto' and project = 'GPT4' and created < ""now"" order by created"
37,True,Lista todos los tickets con la etiqueta 'seguridad' y dame un resumen en el proyecto GPT4.,['GPT4-26'],['GPT4-26'],"labels = ""seguridad"" and project = GPT4","project = ""GPT4"" AND labels = 'seguridad'"
38,False,¿Cuántas incidencias se han movido a 'En progreso' en agosto de 2023 en el proyecto GPT4?,"['GPT4-11', 'GPT4-12', 'GPT4-13', 'GPT4-14', 'GPT4-15', 'GPT4-16']",[],"project = GPT4 AND status changed to 'En progreso' DURING ('2023-08-01', '2023-08-31')","project = ""GPT4"" AND updated >= ""2023-08-01"" AND status WAS IN (""Resolved"",""In Progress"")"
39,False,¿Cuáles son las incidencias de máxima prioridad asignadas a Alberto Aróstegui García en el proyecto GPT4?,['GPT4-27'],[],"project = GPT4 AND assignee = ""Alberto Aróstegui García"" AND priority = Highest","assignee = ""Alberto Aróstegui García"" AND project = ""GPT4"" AND priority = High"
40,False,Lista todas las incidencias cerradas en agosto de 2023 en el proyecto GPT4,['GPT4-14'],"['GPT4-12', 'GPT4-13', 'GPT4-16']","project = GPT4 AND status changed to Cerrado DURING ('2023-08-01', '2023-08-31')","project = ""GPT4"" AND resolved >= ""2023/08/01"" AND resolved <= ""2023/09/01"""
41,False,¿Cuántas incidencias nuevas se han agregado al proyecto GPT4 en agosto de 2023?,"['GPT4-11', 'GPT4-12', 'GPT4-13', 'GPT4-14', 'GPT4-15', 'GPT4-16', 'GPT4-17', 'GPT4-18', 'GPT4-19', 'GPT4-20', 'GPT4-21', 'GPT4-22', 'GPT4-23', 'GPT4-24', 'GPT4-25', 'GPT4-26', 'GPT4-27', 'GPT4-28', 'GPT4-29', 'GPT4-30']",[],"project = GPT4 AND created >= ""2023-08-01"" AND created <= ""2023-08-31""","created > startOfYear(""2023/08/01"") and created < startOfYear(""2023/09/01"") and project = ""GPT4"""
42,True,Encuentra todas las incidencias con 'rendimiento' en su descripción en el proyecto GPT4.,['GPT4-28'],['GPT4-28'],description ~ rendimiento,"project = ""GPT4"" AND description ~ ""rendimiento"""
43,False,Encuentra todos los tickets movidos a 'Cerrado' en agosto de 2023 en el proyecto GPT4.,['GPT4-14'],[],"status changed to Cerrado DURING ('2023-08-01', '2023-08-31')","status = ""Cerrado"" and project = ""GPT4"" and updated >= ""2023/08/01"" and updated <= ""2023/09/01"""
44,False,Muestra todas las incidencias que están vencidas en el proyecto GPT4,"['GPT4-18', 'GPT4-25', 'GPT4-29']",[],due < now() and status != Cerrado and project = GPT4,"status = ""Vencida"" AND project = ""GPT4"""
45,True,Lista todos los tickets en los que alguien ha votado en el proyecto GPT4.,['GPT4-29'],['GPT4-29'],voter is not empty and project = GPT4,"voter is not empty and project = ""GPT4"""
46,True,¿Cuántas incidencias están en la fase 'Abierto' en el proyecto GPT4?,"['GPT4-21', 'GPT4-22', 'GPT4-25', 'GPT4-28', 'GPT4-29', 'GPT4-30']","['GPT4-21', 'GPT4-22', 'GPT4-25', 'GPT4-28', 'GPT4-29', 'GPT4-30']",project = GPT4 AND status = Abierto,"project = ""GPT4"" AND status = ""Abierto"""
47,False,¿Cuántas incidencias están abiertas en el proyecto GPT4?,"['GPT4-21', 'GPT4-22', 'GPT4-25', 'GPT4-28', 'GPT4-29', 'GPT4-30']",[],project = GPT4 AND status = Abierto,"project = ""GPT4"" and status = Open"
48,False,Recupera las incidencias que tengan que ver con Gitlab en el proyecto GPT4,['GPT4-30'],[],"summary ~ ""Gitlab"" OR description ~ ""Gitlab"" and project = GPT4 ","project = ""GPT4"" AND customfield_10001 = ""GitLab"""
49,True,Muestra las incidencias sin asignar en el proyecto GPT4,"['GPT4-11', 'GPT4-12', 'GPT4-13', 'GPT4-14', 'GPT4-15', 'GPT4-16', 'GPT4-17', 'GPT4-18', 'GPT4-20', 'GPT4-22', 'GPT4-23', 'GPT4-24', 'GPT4-26', 'GPT4-28', 'GPT4-29', 'GPT4-30']","['GPT4-11', 'GPT4-12', 'GPT4-13', 'GPT4-14', 'GPT4-15', 'GPT4-16', 'GPT4-17', 'GPT4-18', 'GPT4-20', 'GPT4-22', 'GPT4-23', 'GPT4-24', 'GPT4-26', 'GPT4-28', 'GPT4-29', 'GPT4-30']",project = GPT4 AND assignee is EMPTY,"assignee is null and project = ""GPT4"""
50,True,Cuantas incidencias asignadas hay en el proyecto GPT4?,"['GPT4-19', 'GPT4-21', 'GPT4-25', 'GPT4-27']","['GPT4-19', 'GPT4-21', 'GPT4-25', 'GPT4-27']",project = GPT4 AND assignee is not EMPTY,"project = ""GPT4"" and assignee is not empty"
51,False,Muestrame las incidencias abiertas en GPT4,"['GPT4-12', 'GPT4-15', 'GPT4-16', 'GPT4-17', 'GPT4-18', 'GPT4-19', 'GPT4-20', 'GPT4-21', 'GPT4-22', 'GPT4-23', 'GPT4-25', 'GPT4-26', 'GPT4-27', 'GPT4-28', 'GPT4-29', 'GPT4-30']",[],"status not in (Resuelto, Cerrado) and project = GPT4","project = ""GPT4"" AND status = Open"
52,False,Que incidencias de maxima prioridad en GPT4,['GPT4-27'],['GPT4-20'],project = GPT4 and priority = Highest,priority = High and project = GPT4
53,True,Selecciona las incidencias sin resolver de esta semana en GPT4,[],[],created >= startOfWeek() and status != Resuelto and project = GPT4,"resolved = false AND updated >= startOfWeek() AND project = ""GPT4"""
54,False,Muestra todas las incidencias con enlaces externos en GPT4,"['GPT4-18', 'GPT4-19']",[],attachments is not EMPTY and project = GPT4,"issueLinkType = ""links to"""
55,False,Selecciona las incidencias que vencen en los proximos 3 dias en GPT4,"['GPT4-18', 'GPT4-25', 'GPT4-29']",[],"due <= endOfDay(""+3d"") and status != Resuelto and project = GPT4","duedate <= now() and duedate >= startOfDay(""-3d"") and project = ""GPT4"""
56,True,Muestra las incidencias en las que se esta trabajando ahora mismo en GPT4,"['GPT4-15', 'GPT4-17', 'GPT4-18', 'GPT4-19', 'GPT4-20', 'GPT4-23', 'GPT4-26', 'GPT4-27']","['GPT4-15', 'GPT4-17', 'GPT4-18', 'GPT4-19', 'GPT4-20', 'GPT4-23', 'GPT4-26', 'GPT4-27']","status = ""En Progreso"" and project = GPT4","status in (""En Progreso"", ""In Progress"") and project = ""GPT4"""
57,True,Muestra las incidencias creadas esta semana en GPT4,[],[],project = GPT4 and created >= startOfWeek(),"created > startOfWeek() and project = ""GPT4"""
58,True,Muestra las incidencias creadas en los ultimos 7 dias en GPT4,[],[],created >= -7d() and project = GPT4,"created > startOfDay(""-7d"") and project = ""GPT4"""
59,False,Muestrame las incidencias que vencen el 11 de agosto de 2023 en GPT4,['GPT4-29'],"['GPT4-18', 'GPT4-29']","due = ""2023-08-11""","duedate <= ""2023/08/11"" and project = ""GPT4"""
60,True,Dame las incidencias del proyecto GPT4 que contengan etiquetas,"['GPT4-25', 'GPT4-26']","['GPT4-25', 'GPT4-26']",project = GPT4 and labels is not EMPTY,"project = ""GPT4"" and labels is not empty"
61,False,Muestrame las incidencias asignadas a Alberto Aróstegui García que tengan etiquetas en GPT4,['GPT4-25'],[],"assignee = ""Alberto Aróstegui García"" and labels is not EMPTY AND project = GPT4","assignee = ""Alberto Aróstegui García"" and labels in (""GPT4"")"
62,False,Dame las incidencias asignadas a mi en GPT4 que contengan enlaces externos,['GPT4-19'],[],assignee = currentUser() and attachments is not EMPTY and project = GPT4,assignee = currentUser() and isRemoteLink()
63,False,Dame las incidencias asignadas a mi en GPT4,"['GPT4-19', 'GPT4-21', 'GPT4-25', 'GPT4-27']",[],assignee = currentUser() and project = GPT4,"assignee = ""jsmith"""
64,True,Muestrame las incidencias que estan en un sprint abierto,"['MFM-56', 'MFM-57', 'MFM-58', 'MFM-59', 'MFM-60', 'MFM-61', 'MFM-62', 'MFM-63', 'MFM-64', 'MFM-65', 'MFM-66', 'MFM-67', 'MFM-68', 'MFM-69', 'MFM-70', 'MFM-71', 'MFM-72', 'MFM-73', 'MFM-74', 'MFM-75', 'MFM-78', 'MFM-79', 'MFM-80', 'MFM-81', 'MFM-82', 'MFM-83', 'MFM-84', 'MFM-85', 'MFM-86', 'MFM-87', 'MFM-89', 'MFM-90', 'MFM-91', 'MFM-92', 'MFM-94', 'MFM-95', 'MFM-96', 'MFM-97', 'MFM-98', 'MFM-99', 'MFM-100', 'MFM-101', 'MFM-102', 'MFM-103', 'MFM-104', 'MFM-105', 'MFM-106', 'MFM-107', 'MFM-108', 'MFM-109']","['MFM-56', 'MFM-57', 'MFM-58', 'MFM-59', 'MFM-60', 'MFM-61', 'MFM-62', 'MFM-63', 'MFM-64', 'MFM-65', 'MFM-66', 'MFM-67', 'MFM-68', 'MFM-69', 'MFM-70', 'MFM-71', 'MFM-72', 'MFM-73', 'MFM-74', 'MFM-75', 'MFM-78', 'MFM-79', 'MFM-80', 'MFM-81', 'MFM-82', 'MFM-83', 'MFM-84', 'MFM-85', 'MFM-86', 'MFM-87', 'MFM-89', 'MFM-90', 'MFM-91', 'MFM-92', 'MFM-94', 'MFM-95', 'MFM-96', 'MFM-97', 'MFM-98', 'MFM-99', 'MFM-100', 'MFM-101', 'MFM-102', 'MFM-103', 'MFM-104', 'MFM-105', 'MFM-106', 'MFM-107', 'MFM-108', 'MFM-109']",sprint in openSprints(),sprint in openSprints()
65,True,Que incidencias estan en un sprint ya cerrado,"['MFM-4', 'MFM-11', 'MFM-12', 'MFM-13', 'MFM-15', 'MFM-16', 'MFM-18', 'MFM-20', 'MFM-21', 'MFM-22', 'MFM-26', 'MFM-27', 'MFM-30', 'MFM-32', 'MFM-33', 'MFM-34', 'MFM-36', 'MFM-37', 'MFM-38', 'MFM-39']","['MFM-4', 'MFM-11', 'MFM-12', 'MFM-13', 'MFM-15', 'MFM-16', 'MFM-18', 'MFM-20', 'MFM-21', 'MFM-22', 'MFM-26', 'MFM-27', 'MFM-30', 'MFM-32', 'MFM-33', 'MFM-34', 'MFM-36', 'MFM-37', 'MFM-38', 'MFM-39']",sprint in closedSprints(),sprint in closedSprints()
66,True,¿Cuáles son los ítems que tienen una fecha de vencimiento entre el 1 de agosto de 2023 y el 31 de agosto de 2023 en GPT4?,"['GPT4-18', 'GPT4-29']","['GPT4-18', 'GPT4-29']","due >= ""2023-08-01"" AND due <= ""2023-08-31"" and project = GPT4","duedate >= ""2023/08/01"" and duedate <= ""2023/08/31"""
67,False,¿En que proyectos ha votado al menos una persona?,['GPT4-29'],[],voter is not EMPTY,project in voter and votes is not empty
68,False,¿Qué inicidencias tengo yo asignadas en GPT4?,"['GPT4-19', 'GPT4-21', 'GPT4-25', 'GPT4-27']",[],assignee = currentUser() and project = GPT4,"assignee = ""your-username-in-GPT4"""
69,False,¿Qué incidencias están resueltas ahora mismo en GPT4?,"['GPT4-11', 'GPT4-13']",[],status = Resuelto and project = GPT4,"resolution = ""Resuelta"""
70,False,¿Qué tickets se cerraron durante agosto de 2023?,['GPT4-14'],[],"status changed to Cerrado DURING ('2023-08-01', '2023-08-31')","status = 'Cerrado' and updated < endOfWeek(""2023/08/01"")"
71,False,¿Qué tickets cambiaron de estado durante agosto de 2023?,"['GPT4-11', 'GPT4-12', 'GPT4-13', 'GPT4-14', 'GPT4-15', 'GPT4-16']",[],"status changed DURING ('2023-08-01', '2023-08-31')","updated >= ""20-08-01"" and updated <= ""20-09-01"""
72,True,¿Qué incidencias fueron creadas el último mes en GPT4?,[],[],created >= startOfMonth(-1) and project = GPT4,"created >= ""-1m"" and project = ""GPT4"""
73,False,¿Cuántas incidencias en el proyecto GPT4 están cerradas pero no resueltas?,"['GPT4-14', 'GPT4-24']",[],status = Cerrado and status != Resuelto and project = GPT4,"resolution = ""Fixed"" AND resolution IS NOT EMPTY AND project = ""GPT4"""
74,False,Muestrame las incidencias que se han movido a Resuelto en agosto de 2023,"['GPT4-12', 'GPT4-13', 'GPT4-15', 'GPT4-16']",[],"status changed to Resuelto DURING ('2023-08-01', '2023-08-31')","status was in (""Resigned"", ""In Progress"") and status = ""Resolved"" and updated > ""2023/08/01"""
75,False,Dame las incidencias que han sido actualizadas en las ultimas 24 horas,[],"['MFM-59', 'MFM-60', 'MFM-61', 'MFM-62', 'MFM-63', 'MFM-64', 'MFM-65', 'MFM-66', 'MFM-67', 'MFM-68', 'MFM-69', 'MFM-70', 'MFM-71', 'MFM-72', 'MFM-73', 'MFM-74', 'MFM-75', 'MFM-78', 'MFM-79', 'MFM-80', 'MFM-81', 'MFM-82', 'MFM-83', 'MFM-84', 'MFM-85', 'MFM-86', 'MFM-87', 'MFM-88', 'MFM-89', 'MFM-90', 'MFM-91', 'MFM-92', 'MFM-93', 'MFM-94', 'MFM-95', 'MFM-96', 'MFM-97', 'MFM-98', 'MFM-99', 'MFM-100', 'MFM-101', 'MFM-102', 'MFM-103', 'MFM-104', 'MFM-105', 'MFM-106', 'MFM-107', 'MFM-108', 'MFM-109', 'MFM-110']",updated >= -24h(),"updated < ""0d"""
76,True,¿Que incidencias vencen hoy en MFM,[],[],due <= endOfDay() and project = MFM,updated >= today() AND project = 'MFM'
77,False,Cuantas incidencias estan abiertas pero no asignadas?,"['GPT4-22', 'GPT4-28', 'GPT4-29', 'GPT4-30', 'MFM-10', 'MFM-17', 'MFM-18', 'MFM-28', 'MFM-35']",[],status = Abierto and assignee is EMPTY,status = Open AND assignee IS NULL
78,False,¿Qué incidencias fueron resueltas en los últimos 30 días en MFM?,"['MFM-23', 'MFM-24', 'MFM-30', 'MFM-31', 'MFM-39', 'MFM-59', 'MFM-60', 'MFM-78', 'MFM-86', 'MFM-87', 'MFM-89', 'MFM-90', 'MFM-91', 'MFM-92', 'MFM-93', 'MFM-94', 'MFM-95', 'MFM-96', 'MFM-97', 'MFM-98', 'MFM-99', 'MFM-101']",[],"status changed to Resuelto DURING ('-30d', now()) and project = MFM","updated >= ""-30d"" and updated < ""2023/03/01"" and project = ""MFM"""
79,False,¿Cuántas incidencias se han movido a 'En progreso' en los últimos 7 días en MFM?,"['MFM-22', 'MFM-59', 'MFM-78', 'MFM-86', 'MFM-89', 'MFM-90', 'MFM-91', 'MFM-92', 'MFM-93', 'MFM-94', 'MFM-95', 'MFM-96', 'MFM-97', 'MFM-98', 'MFM-99', 'MFM-101']",[],"status changed to 'En progreso' DURING ('-7d', now()) and project = MFM","updated = ""last 7d"" AND status = 'En Progreso'"
80,True,¿Qué incidencias en MFM están en un sprint y no están asignadas?,"['MFM-13', 'MFM-18', 'MFM-32']","['MFM-13', 'MFM-18', 'MFM-32']",sprint in openSprints() and assignee is EMPTY and project = MFM,assignee is empty and sprint is not empty
81,False,¿Que incidencias tienen enlaces externos?,"['GPT4-18', 'GPT4-19', 'MFM-4', 'MFM-16', 'MFM-20', 'MFM-21', 'MFM-22', 'MFM-26', 'MFM-27', 'MFM-32', 'MFM-34', 'MFM-36', 'MFM-49', 'MFM-50', 'MFM-54', 'MFM-55', 'MFM-56', 'MFM-58', 'MFM-59', 'MFM-60', 'MFM-61', 'MFM-62', 'MFM-67', 'MFM-68', 'MFM-71', 'MFM-74', 'MFM-75', 'MFM-78', 'MFM-81', 'MFM-82', 'MFM-83', 'MFM-84', 'MFM-86', 'MFM-87', 'MFM-88', 'MFM-89', 'MFM-90', 'MFM-91', 'MFM-92', 'MFM-93', 'MFM-94', 'MFM-95', 'MFM-96', 'MFM-97', 'MFM-98', 'MFM-99', 'MFM-100', 'MFM-104', 'MFM-105', 'MFM-106']",[],attachments is not EMPTY,issueLink is not EMPTY
82,True,Lista todas las incidencias que contengan la palabra 'urgente' en MFM,[],[],summary ~ 'urgente' and project = MFM,"text ~ ""urgente"""
83,False,Dame las incidencias de prioridad alta que todavia no estan asigndas,['GPT4-20'],"['GPT4-27', 'MFM-22', 'MFM-79', 'MFM-80', 'MFM-81']",priority = High and assignee is EMPTY,"priority > High and status != ""In Progress"""
84,True,Muestramen las incidencias cerradas el último trimestre en MFM,[],[],"status changed to Cerrado DURING ('-3M', now()) and project = MFM","resolved < ""2012/01/01"" and resolved > ""2011/10/01"""
85,True,Dame las incidencias de baja prioridad que estan en progreso,[],[],priority = Low and status = 'En progreso',priority < Low and status = 'En Progreso'
86,False,Qué incidencias tienen un campo personalizado con valor 'GPT4-30'?,['GPT4-23'],[],Custom_Id ~ GPT4-30,customField = 'GPT4-30'
87,False,¿Cuántas incidencias se han creado en los últimos 7 días en MFM?,[],"['MFM-89', 'MFM-90', 'MFM-91', 'MFM-92', 'MFM-93', 'MFM-94', 'MFM-95', 'MFM-96', 'MFM-97', 'MFM-98', 'MFM-99', 'MFM-100', 'MFM-101', 'MFM-102', 'MFM-103', 'MFM-104', 'MFM-105', 'MFM-106', 'MFM-107', 'MFM-108', 'MFM-109', 'MFM-110']",created >= -7d() and project = MFM,"created > startOfWeek(""-6d"") and project = ""MFM"""
88,True,Muestra las incidencias del proyecto MFM que están marcadas como críticas y aún están abiertas,[],[],priority = Highest and status = Abierto and project = MFM,"project = ""MFM"" AND priority = High AND status = Open"
89,True,Dame las incidencias que han cambiado de prioridad,['MFM-22'],['MFM-22'],priority CHANGED,priority CHANGED
90,False,¿Cuántas incidencias relacionadas con fallos hay en MFM?,"['MFM-55', 'MFM-56', 'MFM-57', 'MFM-58', 'MFM-59', 'MFM-60', 'MFM-61', 'MFM-62', 'MFM-63', 'MFM-64', 'MFM-65', 'MFM-66', 'MFM-67', 'MFM-68', 'MFM-69', 'MFM-70', 'MFM-71', 'MFM-72', 'MFM-73', 'MFM-74', 'MFM-75', 'MFM-78', 'MFM-79', 'MFM-80', 'MFM-81', 'MFM-82', 'MFM-83', 'MFM-84', 'MFM-85', 'MFM-86', 'MFM-87', 'MFM-89', 'MFM-90', 'MFM-91', 'MFM-92', 'MFM-93', 'MFM-94', 'MFM-96', 'MFM-97', 'MFM-98', 'MFM-99', 'MFM-100', 'MFM-102', 'MFM-103', 'MFM-104', 'MFM-105', 'MFM-106', 'MFM-107', 'MFM-108', 'MFM-109']",[],issuetype = Bug and project = MFM,component = 'MFM' and project = 'yourprojectkey' and issuetype in ('Bug')
91,False,Dame el total de horas registradas en las incidencias tipo Epic de MFM,"['MFM-5', 'MFM-6', 'MFM-7', 'MFM-8', 'MFM-9', 'MFM-10', 'MFM-14', 'MFM-17']",[],issuetype = Epic and project = MFM,"originalEstimate > 0 AND project = ""MFM"" AND issueType = ""Epic"""
92,False,¿Qué incidencias están Resueltas pero aun no se han cerrado?,"['GPT4-11', 'GPT4-13', 'JIRAGPT-2', 'JIRAGPT-3', 'JIRAGPT-4', 'MFM-12', 'MFM-14', 'MFM-15', 'MFM-16', 'MFM-20', 'MFM-21', 'MFM-23', 'MFM-24', 'MFM-25', 'MFM-26', 'MFM-27', 'MFM-30', 'MFM-31', 'MFM-33', 'MFM-34', 'MFM-36', 'MFM-39', 'MFM-59', 'MFM-78', 'MFM-86', 'MFM-87', 'MFM-90', 'MFM-91', 'MFM-92', 'MFM-93', 'MFM-94', 'MFM-95', 'MFM-96', 'MFM-97', 'MFM-98', 'MFM-99', 'MFM-101']",[],status = Resuelto and status != Cerrado,"status = ""Resolved"" and status != ""Closed"""
93,True,¿Cuántas incidencias se han creado en el último mes en MFM?,"['MFM-88', 'MFM-89', 'MFM-90', 'MFM-91', 'MFM-92', 'MFM-93', 'MFM-94', 'MFM-95', 'MFM-96', 'MFM-97', 'MFM-98', 'MFM-99', 'MFM-100', 'MFM-101', 'MFM-102', 'MFM-103', 'MFM-104', 'MFM-105', 'MFM-106', 'MFM-107', 'MFM-108', 'MFM-109', 'MFM-110']","['MFM-88', 'MFM-89', 'MFM-90', 'MFM-91', 'MFM-92', 'MFM-93', 'MFM-94', 'MFM-95', 'MFM-96', 'MFM-97', 'MFM-98', 'MFM-99', 'MFM-100', 'MFM-101', 'MFM-102', 'MFM-103', 'MFM-104', 'MFM-105', 'MFM-106', 'MFM-107', 'MFM-108', 'MFM-109', 'MFM-110']",created >= startOfMonth(-1) and project = MFM,"created > startOfMonth(""-1"")"
94,False,Dame las incidencias que han sido actualizadas en las últimas 24 horas en MFM,[],"['MFM-106', 'MFM-107', 'MFM-108', 'MFM-109', 'MFM-110']",updated >= -24h() and project = MFM,"created > ""-1d"""
95,False,¿Qué incidencias están ahora mismo validadas en MFM?,"['MFM-37', 'MFM-38', 'MFM-41', 'MFM-42', 'MFM-43', 'MFM-44', 'MFM-45', 'MFM-46', 'MFM-47', 'MFM-49', 'MFM-50', 'MFM-52', 'MFM-53', 'MFM-54', 'MFM-55', 'MFM-56', 'MFM-57', 'MFM-58', 'MFM-60', 'MFM-61', 'MFM-62', 'MFM-63', 'MFM-64', 'MFM-65', 'MFM-66', 'MFM-67', 'MFM-68', 'MFM-69', 'MFM-70', 'MFM-71', 'MFM-72', 'MFM-73', 'MFM-74', 'MFM-75', 'MFM-79', 'MFM-80', 'MFM-81', 'MFM-82', 'MFM-83', 'MFM-84', 'MFM-89']","['MFM-59', 'MFM-60', 'MFM-61', 'MFM-62', 'MFM-63', 'MFM-64', 'MFM-65', 'MFM-66', 'MFM-67', 'MFM-68', 'MFM-69', 'MFM-70', 'MFM-71', 'MFM-72', 'MFM-73', 'MFM-74', 'MFM-75', 'MFM-78', 'MFM-79', 'MFM-80', 'MFM-81', 'MFM-82', 'MFM-83', 'MFM-84', 'MFM-85', 'MFM-86', 'MFM-87', 'MFM-88', 'MFM-89', 'MFM-90', 'MFM-91', 'MFM-92', 'MFM-93', 'MFM-94', 'MFM-95', 'MFM-96', 'MFM-97', 'MFM-98', 'MFM-99', 'MFM-100', 'MFM-101', 'MFM-102', 'MFM-103', 'MFM-104', 'MFM-105', 'MFM-106', 'MFM-107', 'MFM-108', 'MFM-109', 'MFM-110']",status = Validado and project = MFM,"project = ""MFM"""
96,False,¿Cuántas incidencias se han movido a 'En progreso' en los últimos 7 días en MFM?,"['MFM-22', 'MFM-59', 'MFM-78', 'MFM-86', 'MFM-89', 'MFM-90', 'MFM-91', 'MFM-92', 'MFM-93', 'MFM-94', 'MFM-95', 'MFM-96', 'MFM-97', 'MFM-98', 'MFM-99', 'MFM-101']",[],"status changed to 'En progreso' DURING ('-7d', now()) and project = MFM","updated = '-7d' AND status changed FROM ""In Progress"" TO ""Open"" AND assignee = 'MFM'"
97,True,¿Qué incidencias en MFM están en un sprint y no están asignadas?,"['MFM-13', 'MFM-18', 'MFM-32']","['MFM-13', 'MFM-18', 'MFM-32']",sprint in openSprints() and assignee is EMPTY and project = MFM,sprint is not empty and assignee is null
98,False,¿Qué incidencias de baja prioridad están en progreso en MFM?,[],"['GPT4-15', 'GPT4-17', 'GPT4-18', 'GPT4-19', 'GPT4-23', 'GPT4-26', 'JIRAGPT-5', 'JIRAGPT-6', 'JIRAGPT-7', 'JIRAGPT-8', 'JIRAGPT-9', 'JIRAGPT-10', 'JIRAGPT-11', 'MFM-5', 'MFM-7', 'MFM-8', 'MFM-9', 'MFM-88']",priority = Low and status = 'En progreso' and project = MFM,"priority < ""High"" and status = ""En Progreso"""
99,True,Dame las incidencias que han cambiado de prioridad en MFM,['MFM-22'],['MFM-22'],priority CHANGED and project = MFM,priority CHANGED
100,True,¿Cuántas incidencias relacionadas con fallos hay en GPT4?,[],[],issuetype = Bug and project = GPT4,project = GPT4 and issuetype = Bug
